Workbook

Sheet CARACTERISTICAS
A1: CARACTERISTICA | B1: ASPECTO | C1: METRICA | D1: FORMULA | E1: FM | F1: A | G1: B | H1: WRR | I1: RM | J1: FUNDAMENTAR RESPUESTA
A2: FUNCIONALIDAD | B2: ADECUACIÓN | C2: Alcance de la implementación funcional | D2: X = 1 - A/B | E2: =1-(F2/G2) -> 0.81818182 | F2: 2 | G2: 11 | H2: 0.9 | I2: =E2*H2 -> 0.73636364 | J2: En TallerControl se implementaron las funcionalidades definidas para la gestión básica de un taller de mecánica de motocicletas: registro e inicio de sesión, autenticación y autorización mediante JWT, gestión de usuarios, gestión de servicios, registro y administración de motocicletas, solicitud y gestión de citas, actualización del estado de los servicios y registro de movimientos financieros. Estas funciones corresponden al alcance establecido para el sistema y se encuentran implementadas en los módulos desarrollados.
C3: Estabilidad (o volatilidad) de la especificación funcional | D3: X = 1 - A/B | E3: =1-(F3/G3) -> 0.9 | F3: 1 | G3: 10 | H3: 0.9 | I3: =E3*H3 -> 0.81 | J3: Durante el desarrollo de TallerControl se presentaron ajustes principalmente relacionados con la implementación e integración de las funcionalidades. Entre ellos se encuentran cambios en la unificación de las validaciones entre frontend y backend. Estos cambios permitieron mantener alineado el comportamiento del sistema con las reglas de negocio y mejorar la consistencia de las funcionalidades implementadas.
C4: Suficiencia funcional | D4: X = 1 - A/B | E4: =1-(F4/G4) -> 0.9 | F4: 1 | G4: 10 | H4: 0.9 | I4: =E4*H4 -> 0.81 | J4: Las funcionalidades implementadas en TallerControl cubren los procesos principales definidos para la gestión básica del taller. El sistema permite registrar y autenticar usuarios, administrar usuarios y servicios, gestionar motocicletas, solicitar y administrar citas, actualizar el estado de los servicios y registrar ingresos y egresos. Además, se incorporaron validaciones tanto en frontend como en backend para controlar datos incorrectos o incompletos.
C5: Integridad de la implementación funcional | D5: X = 1 - A/B | E5: =1-(F5/G5) -> 1 | F5: 0 | G5: 10 | H5: 0.9 | I5: =E5*H5 -> 0.9 | J5: La implementación de TallerControl mantiene correspondencia entre los requerimientos definidos y las funcionalidades desarrolladas. El sistema cuenta con separación por roles, protección de rutas, autenticación mediante JWT y validaciones en frontend y backend. También se realizaron pruebas funcionales, pruebas de integración y análisis estático con SonarQube para verificar el comportamiento de los módulos y la calidad del código.
A6: TOTAL | I6: =AVERAGE(I2:I5) -> 0.81409091
A8: CARACTERISTICA | B8: ASPECTO | C8: METRICA | D8: FORMULA | E8: FM | F8: A | G8: B | H8: WRR | I8: RM | J8: FUNDAMENTAR RESPUESTA
A9: FUNCIONALIDAD | B9: EXACTITUD | C9: Exactitud computacional | D9: X = A/B | E9: =F9/G9 -> 0.8 | F9: 4 | G9: 5 | H9: 0.9 | I9: =E9*H9 -> 0.72 | J9: En TallerControl se definieron y desarrollaron las funciones principales del sistema de acuerdo con los requerimientos establecidos: autenticación y autorización de usuarios, gestión de usuarios, gestión de servicios, registro y administración de motocicletas, solicitud y gestión de citas, actualización del estado de los servicios y registro de movimientos financieros. Las funcionalidades fueron implementadas en los módulos correspondientes del frontend Angular y backend ASP.NET Core, manteniendo la relación con la base de datos SQL Server.
C10: Precision | D10: X = A/B | E10: =F10/G10 -> 1 | F10: 5 | G10: 5 | H10: 0.9 | I10: =E10*H10 -> 0.9 | J10: En TallerControl se establecieron validaciones y tipos de datos de acuerdo con la naturaleza de la información manejada por cada módulo. Los datos de usuarios, motocicletas, servicios, citas y movimientos financieros cuentan con restricciones y validaciones tanto en frontend como en backend. Para los valores monetarios se utiliza el tipo decimal y para las fechas se utilizan tipos de fecha y hora, mientras que los formularios validan campos obligatorios, formatos y valores permitidos. Esto permite mantener precisión y consistencia en la información almacenada y procesada por el sistema.
A11: TOTAL | I11: =AVERAGE(I7:I10) -> 0.81
A13: CARACTERISTICA | B13: ASPECTO | C13: METRICA | D13: FORMULA | E13: FM | F13: A | G13: B | H13: WRR | I13: RM | J13: FUNDAMENTAR RESPUESTA
A14: INTEROPERABILIDAD | B14: COMPATIBILIDAD DE LOS DATOS | C14: Intercambiabilidad de datos (basado en el formato de datos) | D14: X = A/B | E14: =F14/G14 -> 0.8 | F14: 4 | G14: 5 | H14: 0.9 | I14: =E14*H14 -> 0.72 | J14: En TallerControl se intercambia información entre el frontend desarrollado en Angular y el backend desarrollado en ASP.NET Core mediante servicios web y solicitudes HTTP/REST. La comunicación utiliza datos estructurados para consultar, registrar y actualizar la información de usuarios, motocicletas, servicios, citas y movimientos financieros. La separación entre frontend y backend permite que ambas aplicaciones trabajen de forma desacoplada y compartan la información necesaria para el funcionamiento del sistema.
B15: CONFORMIDAD CON LA INTEROPERABILIDAD | C15: Regulación de interoperabilidad | D15: X = A/B | E15: =F15/G15 -> 0.8 | F15: 4 | G15: 5 | H15: 0.9 | I15: =E15*H15 -> 0.72 | J15: TallerControl implementa mecanismos de interoperabilidad acordes con la arquitectura definida para el sistema. La comunicación entre Angular y ASP.NET Core se realiza mediante HTTP/REST, mientras que la autenticación utiliza JWT para el control de acceso a las funcionalidades protegidas. Además, el backend utiliza una configuración externa para la cadena de conexión a SQL Server y las claves de JWT, permitiendo mantener desacopladas las configuraciones del código fuente y facilitar el funcionamiento en diferentes entornos.
A16: TOTAL | I16: =AVERAGE(I12:I15) -> 0.72
A18: CARACTERISTICA | B18: ASPECTO | C18: METRICA | D18: FORMULA | E18: FM | F18: A | G18: B | H18: WRR | I18: RM | J18: FUNDAMENTAR RESPUESTA
A19: FIABILIDAD | B19: MADUREZ | C19: Detección de fallas | D19: X = A/B | E19: =F19/G19 -> 0.9 | F19: 9 | G19: 10 | H19: 0.9 | I19: =E19*H19 -> 0.81 | J19: Durante las pruebas y validaciones realizadas sobre TallerControl se identificaron 9 fallas de un total de 10 fallas estimadas durante el proceso de evaluación. Las situaciones detectadas estuvieron relacionadas principalmente con validaciones de datos, manejo de información, comportamiento de las funcionalidades y comunicación entre los componentes del sistema. La identificación de la mayoría de las fallas permitió realizar las respectivas verificaciones antes de considerar finalizada la implementación. Por lo tanto, se establece A = 9 fallas detectadas y B = 10 fallas estimadas
C20: Remoción de fallos | D20: X = A/B | E20: =F20/G20 -> 1 | F20: 10 | G20: 10 | H20: 0.9 | I20: =E20*H20 -> 0.9 | J20: fueron identificados 10 fallos, de los cuales 10 fueron corregidos antes de finalizar el desarrollo y validación del sistema. Las correcciones estuvieron orientadas principalmente a mejorar las validaciones, el procesamiento de información y el comportamiento de las funcionalidades implementadas. Esto permitió que los módulos desarrollados presentaran un funcionamiento estable al momento de finalizar el proyecto.
B21: TOLERANCIA A FALLOS | C21: Prevención de fallas | D21: X = A/B | E21: =F21/G21 -> 0.9 | F21: 9 | G21: 10 | H21: 0.9 | I21: =E21*H21 -> 0.81 | J21: se identificaron 10 patrones de falla potenciales relacionados principalmente con el ingreso, procesamiento y salida de información. Para prevenir estos escenarios se implementaron mecanismos como validaciones de formularios, campos obligatorios, restricciones de datos, controles en el backend y validaciones asociadas a las operaciones de usuarios, servicios, motocicletas, citas, inventario y movimientos financieros. De los 10 patrones considerados, 9 cuentan con mecanismos de prevención implementados
C22: Prevención de operación incorrecta | D22: X = A/B | E22: =F22/G22 -> 1 | F22: 8 | G22: 8 | H22: 0.9 | I22: =E22*H22 -> 0.9 | J22: TallerControl cuenta con mecanismos destinados a prevenir operaciones incorrectas por parte de los usuarios. Entre estos mecanismos se encuentran las validaciones de campos obligatorios, validación de formatos, restricciones de datos, controles de autenticación y autorización, validaciones en los formularios y controles implementados en el backend. Para la evaluación se consideraron 8 operaciones o escenarios susceptibles de ejecución incorrecta, de los cuales 8 cuentan con mecanismos preventivos implementados y validados
B23: CONFORMIDAD CON LA FIABILIDAD | C23: Conformidad con la fiabilidad | D23: X = 1 - A/B | E23: =1-(F23/G23) -> 0.9 | F23: 1 | G23: 10 | H23: 0.9 | I23: =E23*H23 -> 0.81 | J23: TallerControl fue desarrollado teniendo en cuenta criterios de fiabilidad relacionados con las reglas de negocio, validaciones, control de acceso, manejo de información y consistencia de las operaciones realizadas por los usuarios. Para la evaluación se establecieron 10 criterios de conformidad relacionados con la fiabilidad, de los cuales 9 fueron cumplidos satisfactoriamente y se identificó 1 criterio con una oportunidad de mejora. Por lo tanto, se establece A = 1 dato no conforme y B = 10 datos de conformidad evaluados
H24: 0.9
H25: 0.9
H26: 0.9
H27: 0.9
H28: 0.9
H29: 0.9
H30: 0.9
H31: 0.9
H32: 0.9
H33: 0.9
H34: 0.9
H35: 0.9
... H46: 0.9

Sheet ARAÑA SUBCARACTERISTICAS
A1: ARAÑA SUBCARACTERISTICAS
A3: CARACTERISTICA | B3: SUBCARATERISTICA | C3: VRRC | D3: PPM | E3: ESTADO
A4: FUNCIONALIDAD | B4: Adecuación | C4: =IF(ISNUMBER(D4),CARACTERISTICAS!H2,"") -> 0.9 | D4: =CARACTERISTICAS!I6 -> 0.81409091 | E4: =IF(ISNUMBER(D4),"Medido","Pendiente") -> Medido
A5: FUNCIONALIDAD | B5: Exactitud | C5: =IF(ISNUMBER(D5),CARACTERISTICAS!H9,"") -> 0.9 | D5: =CARACTERISTICAS!I11 -> 0.81 | E5: =IF(ISNUMBER(D5),"Medido","Pendiente") -> Medido
A6: INTEROPERABILIDAD | B6: Compatibilidad de los datos | C6: =IF(ISNUMBER(D6),CARACTERISTICAS!H14,"") -> 0.9 | D6: =CARACTERISTICAS!I14 -> 0.72 | E6: =IF(ISNUMBER(D6),"Medido","Pendiente") -> Medido
A7: INTEROPERABILIDAD | B7: Conformidad con la interoperabilidad | C7: =IF(ISNUMBER(D7),CARACTERISTICAS!H15,"") -> 0.9 | D7: =CARACTERISTICAS!I15 -> 0.72 | E7: =IF(ISNUMBER(D7),"Medido","Pendiente") -> Medido
A8: FIABILIDAD | B8: Madurez | C8: =IF(ISNUMBER(D8),CARACTERISTICAS!H19,"") -> 0.9 | D8: =AVERAGE(CARACTERISTICAS!I19,CARACTERISTICAS!I20) -> 0.855 | E8: =IF(ISNUMBER(D8),"Medido","Pendiente") -> Medido
A9: FIABILIDAD | B9: Tolerancia a fallos | C9: =IF(ISNUMBER(D9),CARACTERISTICAS!H21,"") -> 0.9 | D9: =AVERAGE(CARACTERISTICAS!I21,CARACTERISTICAS!I22) -> 0.855 | E9: =IF(ISNUMBER(D9),"Medido","Pendiente") -> Medido
A10: FIABILIDAD | B10: Conformidad con la fiabilidad | C10: =IF(ISNUMBER(D10),CARACTERISTICAS!H23,"") -> 0.9 | D10: =CARACTERISTICAS!I23 -> 0.81 | E10: =IF(ISNUMBER(D10),"Medido","Pendiente") -> Medido
A11: USABILIDAD | B11: Apropiabilidad | C11: =IF(ISNUMBER(D11),0.9,"") -> 0.9 | D11: =CARACTERISTICAS!D12 -> 0 | E11: =IF(ISNUMBER(D11),"Medido","Pendiente") -> Medido
A12: USABILIDAD | B12: Conformidad de uso | C12: =IF(ISNUMBER(D12),0.9,"") -> 0.9 | D12: =CARACTERISTICAS!I25 -> 0 | E12: =IF(ISNUMBER(D12),"Medido","Pendiente") -> Medido
A13: EFICIENCIA | B13: Comportamiento en el tiempo | C13: =IF(ISNUMBER(D13),0.9,"") -> 0.9 | D13: =CARACTERISTICAS!I26 -> 0 | E13: =IF(ISNUMBER(D13),"Medido","Pendiente") -> Medido
A14: EFICIENCIA | B14: Utilización de recursos | C14: =IF(ISNUMBER(D14),0.9,"") -> 0.9 | D14: =CARACTERISTICAS!I27 -> 0 | E14: =IF(ISNUMBER(D14),"Medido","Pendiente") -> Medido
A15: EFICIENCIA | B15: Conformidad con la eficiencia | C15: =IF(ISNUMBER(D15),0.9,"") -> 0.9 | D15: =CARACTERISTICAS!I28 -> 0 | E15: =IF(ISNUMBER(D15),"Medido","Pendiente") -> Medido
A16: MANTENIBILIDAD | B16: Capacidad de ser analizado | C16: =IF(ISNUMBER(D16),0.9,"") -> 0.9 | D16: =CARACTERISTICAS!I29 -> 0 | E16: =IF(ISNUMBER(D16),"Medido","Pendiente") -> Medido
A17: MANTENIBILIDAD | B17: Facilidad de cambio | C17: =IF(ISNUMBER(D17),0.9,"") -> 0.9 | D17: =CARACTERISTICAS!I30 -> 0 | E17: =IF(ISNUMBER(D17),"Medido","Pendiente") -> Medido
A18: MANTENIBILIDAD | B18: Estabilidad | C18: =IF(ISNUMBER(D18),0.9,"") -> 0.9 | D18: =CARACTERISTICAS!I31 -> 0 | E18: =IF(ISNUMBER(D18),"Medido","Pendiente") -> Medido
A19: MANTENIBILIDAD | B19: Conformidad con la facilidad de mantenimiento | C19: =IF(ISNUMBER(D19),0.9,"") -> 0.9 | D19: =CARACTERISTICAS!I32 -> 0 | E19: =IF(ISNUMBER(D19),"Medido","Pendiente") -> Medido
A20: PORTABILIDAD | B20: Adaptabilidad | C20: =IF(ISNUMBER(D20),0.9,"") -> 0.9 | D20: =CARACTERISTICAS!I33 -> 0 | E20: =IF(ISNUMBER(D20),"Medido","Pendiente") -> Medido
A21: PORTABILIDAD | B21: Reemplazabilidad | C21: =IF(ISNUMBER(D21),0.9,"") -> 0.9 | D21: =CARACTERISTICAS!I34 -> 0 | E21: =IF(ISNUMBER(D21),"Medido","Pendiente") -> Medido

Sheet ARAÑA METRICAS
A1: ARAÑA METRICAS
A3: METRICA | B3: VRRC | C3: PPM | D3: ESTADO
A4: Alcance de la implementación funcional | B4: =CARACTERISTICAS!H2 -> 0.9 | C4: =CARACTERISTICAS!I2 -> 0.73636364 | D4: =IF(ISNUMBER(C4),"Medido","Pendiente") -> Medido
A5: Estabilidad (o volatilidad) de la especificación funcional | B5: =CARACTERISTICAS!H3 -> 0.9 | C5: =CARACTERISTICAS!I3 -> 0.81 | D5: =IF(ISNUMBER(C5),"Medido","Pendiente") -> Medido
A6: Suficiencia funcional | B6: =CARACTERISTICAS!H4 -> 0.9 | C6: =CARACTERISTICAS!I4 -> 0.81 | D6: =IF(ISNUMBER(C6),"Medido","Pendiente") -> Medido
A7: Integridad de la implementación funcional | B7: =CARACTERISTICAS!H5 -> 0.9 | C7: =CARACTERISTICAS!I5 -> 0.9 | D7: =IF(ISNUMBER(C7),"Medido","Pendiente") -> Medido
A8: Exactitud computacional | B8: =CARACTERISTICAS!H9 -> 0.9 | C8: =CARACTERISTICAS!I9 -> 0.72 | D8: =IF(ISNUMBER(C8),"Medido","Pendiente") -> Medido
A9: Precision | B9: =CARACTERISTICAS!H10 -> 0.9 | C9: =CARACTERISTICAS!I10 -> 0.9 | D9: =IF(ISNUMBER(C9),"Medido","Pendiente") -> Medido
A10: Intercambiabilidad de datos (basado en el formato de datos) | B10: =CARACTERISTICAS!H14 -> 0.9 | C10: =CARACTERISTICAS!I14 -> 0.72 | D10: =IF(ISNUMBER(C10),"Medido","Pendiente") -> Medido
A11: Regulación de interoperabilidad | B11: =CARACTERISTICAS!H15 -> 0.9 | C11: =CARACTERISTICAS!I15 -> 0.72 | D11: =IF(ISNUMBER(C11),"Medido","Pendiente") -> Medido
A12: Detección de fallas | B12: =CARACTERISTICAS!H19 -> 0.9 | C12: =CARACTERISTICAS!I19 -> 0.81 | D12: =IF(ISNUMBER(C12),"Medido","Pendiente") -> Medido
A13: Remoción de fallos | B13: =CARACTERISTICAS!H20 -> 0.9 | C13: =CARACTERISTICAS!I20 -> 0.9 | D13: =IF(ISNUMBER(C13),"Medido","Pendiente") -> Medido
A14: Prevención de fallas | B14: =CARACTERISTICAS!H21 -> 0.9 | C14: =CARACTERISTICAS!I21 -> 0.81 | D14: =IF(ISNUMBER(C14),"Medido","Pendiente") -> Medido
A15: Prevención de operación incorrecta | B15: =CARACTERISTICAS!H22 -> 0.9 | C15: =CARACTERISTICAS!I22 -> 0.9 | D15: =IF(ISNUMBER(C15),"Medido","Pendiente") -> Medido
A16: Conformidad con la fiabilidad | B16: =CARACTERISTICAS!H23 -> 0.9 | C16: =CARACTERISTICAS!I23 -> 0.81 | D16: =IF(ISNUMBER(C16),"Medido","Pendiente") -> Medido
A17: Integridad de la descripción | B17: =CARACTERISTICAS!H24 -> 0.9 | C17: 0 | D17: Pendiente
A18: Funciones evidentes | B18: =CARACTERISTICAS!H25 -> 0.9 | C18: =CARACTERISTICAS!I25 -> 0 | D18: Pendiente
A19: Comprensibilidad de la función | B19: =CARACTERISTICAS!H26 -> 0.9 | C19: =CARACTERISTICAS!I26 -> 0 | D19: Pendiente
A20: Integridad de la descripción (funciones comprendidas) | B20: =CARACTERISTICAS!H27 -> 0.9 | C20: =CARACTERISTICAS!I27 -> 0 | D20: Pendiente
A21: Conformidad con la usabilidad | B21: =CARACTERISTICAS!H28 -> 0.9 | C21: =CARACTERISTICAS!I28 -> 0 | D21: Pendiente
A22: Tiempo de respuesta | B22: =CARACTERISTICAS!H29 -> 0.9 | C22: =CARACTERISTICAS!I29 -> 0 | D22: Pendiente
A23: Tiempo del rendimiento de procesamiento | B23: =CARACTERISTICAS!H30 -> 0.9 | C23: =CARACTERISTICAS!I30 -> 0 | D23: Pendiente
A24: Plazo de entrega | B24: =CARACTERISTICAS!H31 -> 0.9 | C24: =CARACTERISTICAS!I31 -> 0 | D24: Pendiente
A25: Utilización de recursos | B25: =CARACTERISTICAS!H32 -> 0.9 | C25: =CARACTERISTICAS!I32 -> 0 | D25: Pendiente
A26: Conformidad con la eficiencia | B26: =CARACTERISTICAS!H33 -> 0.9 | C26: =CARACTERISTICAS!I33 -> 0 | D26: Pendiente
A27: Preparación de la función de diagnóstico | B27: =CARACTERISTICAS!H34 -> 0.9 | C27: =CARACTERISTICAS!I34 -> 0 | D27: Pendiente
A28: Facilidad de registrar los cambios | B28: =CARACTERISTICAS!H35 -> 0.9 | C28: =CARACTERISTICAS!I35 -> 0 | D28: Pendiente
A29: Capacidad de control de cambio en el software | B29: =CARACTERISTICAS!H36 -> 0.9 | C29: =CARACTERISTICAS!I36 -> 0 | D29: Pendiente
... A39: Conformidad con la portabilidad | B39: =CARACTERISTICAS!H46 -> 0.9 | C39: =CARACTERISTICAS!I46 -> 0 | D39: Pendiente
